,id,alternative_name,category,created_at,generation,name,platform_family,slug,updated_at,url,versions,checksum,platform_logo,abbreviation,websites,summary
0,339,Kids Computer Pico,1.0,1595808000,4.0,Sega Pico,3.0,sega-pico,1595808000,https://www.igdb.com/platforms/sega-pico,[456],6e867a5b-a071-fc7b-945b-a0622f64a4bc,,,,
1,123,WSC,5.0,1441486431,5.0,WonderSwan Color,,wonderswan-color,1633117158,https://www.igdb.com/platforms/wonderswan-color,[161],dfa0d2a0-40af-9920-335d-52eaf3965e69,261.0,,,
2,128,SuperGrafx,1.0,1457444849,4.0,PC Engine SuperGrafx,,supergrafx,1694459400,https://www.igdb.com/platforms/supergrafx,[166],960d1b6d-a0ee-c0e4-fac4-3032e0599fc6,364.0,supergrafx,[274],
3,129,Texas Instruments TI-99/4A,6.0,1459348522,,Texas Instruments TI-99,,ti-99,1591253241,https://www.igdb.com/platforms/ti-99,"[172, 427]",88fd2c72-62fa-c148-8985-7ba7f2f7aaed,540.0,ti-99,[218],
4,133,Magnavox Odyssey²,6.0,1477304835,,Odyssey 2 / Videopac G7000,,odyssey-2-slash-videopac-g7000,1664890233,https://www.igdb.com/platforms/odyssey-2-slash-videopac-g7000,[183],7508b4f8-021a-2595-b11f-4b2752c19f60,112.0,,,
5,134,,6.0,1479464068,,Acorn Electron,,acorn-electron,1479464076,https://www.igdb.com/platforms/acorn-electron,[184],1c95ac0b-904d-dc16-d260-305b87fd48e8,301.0,,,
6,237,,6.0,1573776000,,Sol-20,,sol-20,1591228800,https://www.igdb.com/platforms/sol-20,[354],c608e02f-1a92-d010-b161-4a368220bdfe,,,[219],
7,135,,2.0,1492121116,,Hyper Neo Geo 64,,hyper-neo-geo-64,1492121169,https://www.igdb.com/platforms/hyper-neo-geo-64,[186],02b31265-9293-a5a7-9d42-15c405136d59,117.0,,,
8,136,NGCD,1.0,1492121152,4.0,Neo Geo CD,,neo-geo-cd,1633117182,https://www.igdb.com/platforms/neo-geo-cd,[187],7af7680d-3a95-1f24-4521-ddf74f37cd77,281.0,,,
9,142,,1.0,1505597444,1.0,PC-50X Family,,pc-50x-family,1505597460,https://www.igdb.com/platforms/pc-50x-family,"[200, 205]",aa2b71db-b8b3-7f1d-ae4b-307a8cd6d072,132.0,,,
10,378,Super Boy,5.0,1620794404,4.0,Gamate,,gamate,1656435661,https://www.igdb.com/platforms/gamate,[497],dda22f38-ceab-8298-81ed-b44169d37d2d,627.0,,"[290, 305]",
11,144,,1.0,1505829367,,AY-3-8710,,ay-3-8710,1505829453,https://www.igdb.com/platforms/ay-3-8710,[207],b97470c9-5374-ead1-79d3-5577346c3217,,,,
12,381,,5.0,1623169275,9.0,Playdate,,playdate,1623169440,https://www.igdb.com/platforms/playdate,[501],37f62ded-b711-b460-8539-0b720d3fc66e,,,[278],
13,146,,1.0,1505829395,,AY-3-8605,,ay-3-8605,1505829454,https://www.igdb.com/platforms/ay-3-8605,[209],6f5f5071-d41b-1692-743d-32cd7222aea9,,,,
14,147,,1.0,1505829406,,AY-3-8606,,ay-3-8606,1505829454,https://www.igdb.com/platforms/ay-3-8606,[210],a821425d-eb6d-4575-9826-34529ca417e3,,,,
15,148,,1.0,1505829417,,AY-3-8607,,ay-3-8607,1505829454,https://www.igdb.com/platforms/ay-3-8607,[211],f1ffb221-5ed4-7ed0-0b76-d39af9d62fcc,,,,
16,149,PC-98,6.0,1509010307,,PC-9800 Series,,pc-9800-series,1693323561,https://www.igdb.com/platforms/pc-9800-series,[214],389c4e7f-16e7-1817-587e-da0722ae7309,366.0,,[371],
17,6,mswin,4.0,1297639288,,PC (Microsoft Windows),,win,1470063140,https://www.igdb.com/platforms/win,"[1, 13, 14, 15, 124, 513, 529, 530, 531, 532, 533, 534]",e99646c7-dc88-795a-de4f-c7e07bc0839b,670.0,PC,[2],
18,8,PS2,1.0,1297639288,6.0,PlayStation 2,1.0,ps2,1415019418,https://www.igdb.com/platforms/ps2,"[58, 114]",2bdb40f4-65ba-9b31-792b-6f7836c77d0a,254.0,PS2,,
19,23,DC,1.0,1300188004,6.0,Dreamcast,3.0,dc,1617960514,https://www.igdb.com/platforms/dc,[16],b31477f8-968b-2a1c-de80-3f1475be4fa7,270.0,DC,[276],
20,25,Colour Personal Computer,6.0,1300206470,,Amstrad CPC,,acpc,1468522015,https://www.igdb.com/platforms/acpc,"[20, 525]",fdf91886-b071-00db-e020-9086c46fb6f8,845.0,ACPC,,
21,35,GG,5.0,1303933831,4.0,Sega Game Gear,3.0,gamegear,1633117184,https://www.igdb.com/platforms/gamegear,[62],77894184-b99a-9735-df9d-33b4e914fe6c,287.0,Game Gear,,
22,39,,4.0,1317719747,,iOS,,ios,1391704932,https://www.igdb.com/platforms/ios,[43],75b3e39f-688c-79bc-0023-a94553574fd6,248.0,iOS,,
23,44,,5.0,1317748794,,Tapwave Zodiac,,zod,1392162002,https://www.igdb.com/platforms/zod,[69],1529da89-ceb1-16d2-b3a1-2f650f64b3d3,46.0,zod,,
24,50,3DO,1.0,1326829565,5.0,3DO Interactive Multiplayer,,3do,1633117171,https://www.igdb.com/platforms/3do,[18],5299db6b-c7b1-b99c-9a87-1ae9b51036b2,282.0,3DO,,
25,62,,1.0,1372270591,5.0,Atari Jaguar,,jaguar,1392138262,https://www.igdb.com/platforms/jaguar,[28],2d8cf449-af64-dcb3-fd89-6d0ab07f8806,286.0,Jaguar,,
26,65,,6.0,1372500348,,Atari 8-bit,,atari8bit,1468574265,https://www.igdb.com/platforms/atari8bit,"[27, 104]",76818aba-f78c-c896-381a-ad726c6007b4,373.0,Atari8bit,,
27,88,Magnavox Odyssey; Odysee; Odisea; Odissea,1.0,1407615978,1.0,Odyssey,,odyssey--1,1591252953,https://www.igdb.com/platforms/odyssey--1,"[101, 167, 168, 169, 170, 171]",7a01519f-1c4d-61b2-7fab-7515d0cac7aa,,odyssey,[211],
28,89,,5.0,1407616104,2.0,Microvision,,microvision--1,1407616388,https://www.igdb.com/platforms/microvision--1,[102],531bb5a1-74f9-036d-92a0-af2a868fd266,314.0,microvision,,
29,90,,6.0,1407616183,,Commodore PET,,cpet,1591253188,https://www.igdb.com/platforms/cpet,[103],5d4ed8ef-cb47-4184-f391-2551d89be2c8,543.0,cpet,[216],
30,94,,6.0,1414256372,,Commodore Plus/4,,c-plus-4,1468522017,https://www.igdb.com/platforms/c-plus-4,[108],8251d8be-7d4e-f272-0a04-e3b91f1b9897,310.0,C+4,,
31,150,TG-16CD/PCECD,6.0,1509010397,,Turbografx-16/PC Engine CD,,turbografx-16-slash-pc-engine-cd,1633117075,https://www.igdb.com/platforms/turbografx-16-slash-pc-engine-cd,[215],6d1ec48f-6502-aceb-4ce6-1b9065971a8e,291.0,,,
32,156,,6.0,1510051157,,Thomson MO5,,thomson-mo5,1510051283,https://www.igdb.com/platforms/thomson-mo5,[221],5acf729d-37c1-710b-faf1-8a750072bab4,537.0,,[24],
33,158,Commodore Dynamic Total Vision,6.0,1510051264,,Commodore CDTV,,commodore-cdtv,1522988297,https://www.igdb.com/platforms/commodore-cdtv,[223],1bfa86c0-56b8-fbe1-7d06-cd69fb3ff3a8,292.0,,[26],
34,163,,,1518704804,,SteamVR,,steam-vr,1561990985,https://www.igdb.com/platforms/steam-vr,[233],dd5e48d4-bd00-9239-e421-58efdb0035c6,159.0,Steam VR,[30],
35,108,,6.0,1438090148,,PDP-11,,pdp11,1438090182,https://www.igdb.com/platforms/pdp11,[134],2e9d2c2c-436b-f803-75db-615821342893,,pdp11,,
36,109,,6.0,1438090241,,CDC Cyber 70,,cdccyber70,1438090278,https://www.igdb.com/platforms/cdccyber70,[135],6c9239e3-5a04-54f5-0072-c4f82e9638e0,374.0,cdccyber70,,
37,112,,,1438766631,,Microcomputer,,microcomputer--1,1438766662,https://www.igdb.com/platforms/microcomputer--1,[138],13d76984-c53c-2eb8-40df-98afaf12aba0,,microcomputer,,
38,113,,3.0,1439410567,,OnLive Game System,,onlive-game-system,1439684932,https://www.igdb.com/platforms/onlive-game-system,[140],24c99e39-b866-fb01-496d-a2ef7707b8d8,383.0,,[15],
39,115,,6.0,1441269003,,Apple IIGS,,apple-iigs,1441269397,https://www.igdb.com/platforms/apple-iigs,[153],6d0a3b53-73c1-8352-86bb-d51d8f51c44f,295.0,,,
40,130,NX,1.0,1465948800,8.0,Nintendo Switch,5.0,switch,1550534400,https://www.igdb.com/platforms/switch,"[173, 282]",d28b6757-c24a-73c6-50e7-f8e6487c78af,534.0,Switch,[16],
41,119,NGP,5.0,1441269219,5.0,Neo Geo Pocket,,neo-geo-pocket,1633117169,https://www.igdb.com/platforms/neo-geo-pocket,[157],4df49c6b-419c-6adf-2058-8accb1d1bb56,390.0,,,
42,120,NGPC,5.0,1441269253,5.0,Neo Geo Pocket Color,,neo-geo-pocket-color,1633117155,https://www.igdb.com/platforms/neo-geo-pocket-color,[158],c368ecd6-f144-5b58-9ecd-d4f8e5760ffd,269.0,,,
43,124,,5.0,1441486464,,SwanCrystal,,swancrystal,1441486495,https://www.igdb.com/platforms/swancrystal,[162],47694a78-3184-c633-e1b6-2c09c1cdd9db,319.0,,,
44,125,,6.0,1445197781,,PC-8800 Series,,pc-8800-series,1693323241,https://www.igdb.com/platforms/pc-8800-series,[163],b3042c18-4dbd-0c90-1dd6-24125f7de4dd,542.0,,[217],
45,126,,6.0,1449708680,,TRS-80,,trs-80,1449708701,https://www.igdb.com/platforms/trs-80,[164],3ebbb6cb-df09-6dd0-eb97-a7c257c90720,372.0,,,
46,127,,1.0,1457441990,2.0,Fairchild Channel F,,fairchild-channel-f,1506406363,https://www.igdb.com/platforms/fairchild-channel-f,"[165, 212]",3f8df7d6-ff4b-04cd-4b2e-6e0253119723,316.0,,,
47,132,,3.0,1469722518,,Amazon Fire TV,,amazon-fire-tv,1469722531,https://www.igdb.com/platforms/amazon-fire-tv,[176],e21811a9-ae84-42dd-7577-0f3a54b0f476,325.0,,,
48,138,,1.0,1505224845,2.0,VC 4000,,vc-4000,1505250795,https://www.igdb.com/platforms/vc-4000,[196],5b1da5ca-1735-d46d-f877-8a72ff8533dc,134.0,,[18],
49,139,,1.0,1505224949,2.0,1292 Advanced Programmable Video System,,1292-advanced-programmable-video-system,1505224959,https://www.igdb.com/platforms/1292-advanced-programmable-video-system,"[197, 213]",751a6050-35a2-ed73-10d7-358def9cfc84,136.0,,,
50,11,,1.0,1297639288,6.0,Xbox,2.0,xbox,1392162016,https://www.igdb.com/platforms/xbox,[77],fa3aca58-794e-e151-49fd-43b55748c05a,266.0,XBOX,,
51,13,PC DOS,4.0,1297672223,,DOS,,dos,1656450592,https://www.igdb.com/platforms/dos,"[56, 540]",45a1bf26-01f2-4508-3f13-4f6930e6bfa4,38.0,DOS,,
52,24,GBA,5.0,1300201426,6.0,Game Boy Advance,5.0,gba,1471551714,https://www.igdb.com/platforms/gba,"[40, 193, 194]",f2b6d27b-109a-5e5a-4ff3-036e191ad0ed,256.0,GBA,,
53,30,,1.0,1300959905,4.0,Sega 32X,3.0,sega32,1556054276,https://www.igdb.com/platforms/sega32,[61],baac7b13-12f5-d9f4-6bd3-3b86b870ad18,279.0,Sega32,,
54,41,Project Cafe,1.0,1317739102,8.0,Wii U,5.0,wiiu,1691513564,https://www.igdb.com/platforms/wiiu,[73],5026d37d-b0b2-4676-3fef-d3c2f3f085f1,239.0,WiiU,[10],
55,53,,6.0,1340135256,,MSX2,,msx2,1468574264,https://www.igdb.com/platforms/msx2,[48],edfd19ff-95e3-4e20-f98e-6c78e31f218e,308.0,MSX2,,
56,60,Atari 7800 ProSystem,1.0,1372270481,3.0,Atari 7800,,atari7800,1392138267,https://www.igdb.com/platforms/atari7800,[26],656daaa7-8270-be65-68e7-c35c0e8db994,303.0,Atari7800,,
57,70,,1.0,1372500628,2.0,Vectrex,,vectrex,1392162004,https://www.igdb.com/platforms/vectrex,[70],1499cd84-374d-6c9a-bbe8-a2d2015ca149,305.0,vectrex,,
58,77,,6.0,1390912460,,Sharp X1,,x1,1468522016,https://www.igdb.com/platforms/x1,[66],9cdc24a4-f59f-d905-d0c8-05fd36f36d47,297.0,x1,,
59,78,Mega CD,1.0,1391918290,4.0,Sega CD,3.0,segacd,1391919446,https://www.igdb.com/platforms/segacd,[80],0b8ba47f-8bc6-0496-cd30-7ae31d343aca,284.0,segacd,,
60,85,,6.0,1399759171,,Donner Model 30,,donner30,1468574266,https://www.igdb.com/platforms/donner30,[93],1a1aa89c-51a8-66af-5631-d54d38069b96,,donner30,,
61,87,VB,1.0,1400825179,5.0,Virtual Boy,5.0,virtualboy,1633117149,https://www.igdb.com/platforms/virtualboy,[100],fed30e0e-c1ee-0a64-6fa3-fb65e84d3523,280.0,virtualboy,,
62,97,,6.0,1424466295,,PDP-8,,pdp-8--1,1424466368,https://www.igdb.com/platforms/pdp-8--1,[119],59b5964f-f9bc-dbab-6bd0-e3780c76c1be,,pdp-8,,
63,98,,,1424466486,,DEC GT40,,gt40,1424466541,https://www.igdb.com/platforms/gt40,[120],8c876b70-10dc-9f4e-6140-fc104a134e6d,,gt40,,
64,101,,6.0,1437899974,,Ferranti Nimrod Computer,,nimrod,1437903104,https://www.igdb.com/platforms/nimrod,[127],be8d5c69-8b6b-e266-037e-c2ce4ced1bd4,386.0,nimrod,,
65,140,,6.0,1505597372,,AY-3-8500,,ay-3-8500,1510051374,https://www.igdb.com/platforms/ay-3-8500,"[198, 201, 202, 203, 204, 510]",51c02a3e-5549-8a7d-25d1-7121c9e2d8ab,128.0,,,
66,143,,1.0,1505829355,,AY-3-8760,,ay-3-8760,1505829452,https://www.igdb.com/platforms/ay-3-8760,[206],0336abe3-9875-f1a5-53c9-86ac27872122,,,,
67,145,,1.0,1505829384,,AY-3-8603,,ay-3-8603,1505829453,https://www.igdb.com/platforms/ay-3-8603,[208],04cba6d0-5090-6d5d-0ebb-981017a97324,,,,
68,153,,6.0,1510050917,,Dragon 32/64,,dragon-32-slash-64,1510051277,https://www.igdb.com/platforms/dragon-32-slash-64,[218],cdf5bf34-0e47-7fed-fdf1-27c50f68955c,302.0,,[21],
69,154,,6.0,1510050946,,Amstrad PCW,,amstrad-pcw,1510051278,https://www.igdb.com/platforms/amstrad-pcw,[219],a8c76aec-e2e2-9ead-25e9-e1a2153c9427,547.0,,[22],
70,155,,6.0,1510050979,,Tatung Einstein,,tatung-einstein,1510051277,https://www.igdb.com/platforms/tatung-einstein,[220],585e191a-bc1c-30b5-c38c-0585ef3e6d23,368.0,,[23],
71,159,,5.0,1516801272,7.0,Nintendo DSi,5.0,nintendo-dsi,1559322162,https://www.igdb.com/platforms/nintendo-dsi,"[228, 229]",624151e8-fcbb-6616-7333-c3af876b06f2,246.0,,,
72,111,,,1438518875,,Imlac PDS-1,,imlac-pds1,1438520149,https://www.igdb.com/platforms/imlac-pds1,[137],ada44e17-a8b8-7640-3bf1-ca0a2835b14c,,imlac-pds1,,
73,114,,1.0,1441268962,5.0,Amiga CD32,,amiga-cd32,1589666552,https://www.igdb.com/platforms/amiga-cd32,[152],3ea5914c-3e1a-d501-fd2a-42304de42808,283.0,,,
74,116,,6.0,1441269115,,Acorn Archimedes,,acorn-archimedes,1591252961,https://www.igdb.com/platforms/acorn-archimedes,[154],80a1cf2c-33e8-db18-e703-2fc399d38860,388.0,,[214],
75,308,,1.0,1590710400,5.0,Playdia,,playdia,1591142400,https://www.igdb.com/platforms/playdia,[425],3465b908-1432-e94c-dc31-72cb0099f969,532.0,,[208],
76,117,,1.0,1441269147,,Philips CD-i,,philips-cd-i,1441269398,https://www.igdb.com/platforms/philips-cd-i,[155],e8abf9e2-538b-ce1e-0ecd-fe4b9ad3115c,288.0,,,
77,306,,1.0,1590781904,4.0,Satellaview,5.0,satellaview,1635130695,https://www.igdb.com/platforms/satellaview,[423],d8e1d9a0-b32f-1b76-d970-4f0681997f8e,595.0,,"[205, 289]",
78,118,,6.0,1441269186,,FM Towns,,fm-towns,1441269403,https://www.igdb.com/platforms/fm-towns,[156],3ef16f96-9942-2ff2-dc42-afecd14fd521,365.0,,,
79,121,,6.0,1441269289,,Sharp X68000,,sharp-x68000,1441269400,https://www.igdb.com/platforms/sharp-x68000,[159],0a4fb4dc-8a9a-5c4c-45db-5f2cd19a395a,306.0,,,
80,122,,1.0,1441486362,,Nuon,,nuon,1588879359,https://www.igdb.com/platforms/nuon,[160],6f3563db-bab3-084b-da85-f5f03ef2f097,268.0,,[172],
81,131,Nintendo Super Disc,1.0,1468482761,4.0,Nintendo PlayStation,5.0,nintendo-playstation,1591203677,https://www.igdb.com/platforms/nintendo-playstation,[174],e432c934-6de2-fec8-2360-dcadb4063da0,529.0,,[210],
82,141,,6.0,1505597392,,AY-3-8610,,ay-3-8610,1510051374,https://www.igdb.com/platforms/ay-3-8610,[199],d14db769-a065-39b9-3111-83d9326b7c7e,,,,
83,307,"Tricotronic, GW, G&W",5.0,1590782312,2.0,Game & Watch,5.0,game-and-watch,1633117066,https://www.igdb.com/platforms/game-and-watch,[424],dcc3b1ce-4462-1c60-a1c2-566a266b1b04,531.0,,[206],
84,152,Fujitsu Micro 7,6.0,1510050884,,FM-7,,fm-7,1591253385,https://www.igdb.com/platforms/fm-7,[217],0b099f7e-dd09-1d96-e9b2-2b7eee0657b6,538.0,,[20],
85,157,,6.0,1510051217,,NEC PC-6000 Series,,nec-pc-6000-series,1510051278,https://www.igdb.com/platforms/nec-pc-6000-series,[222],0ab5bcfe-7c81-306e-322b-448257538341,370.0,,[25],
86,162,,,1518704500,,Oculus VR,,oculus-vr,1632966500,https://www.igdb.com/platforms/oculus-vr,[232],d497694c-8f7e-b84a-ca8b-b070702e2dbf,158.0,Oculus VR,"[29, 287]",
87,9,PS3,1.0,1297639288,7.0,PlayStation 3,1.0,ps3,1633117060,https://www.igdb.com/platforms/ps3,"[4, 5, 6]",914914f1-4f0e-06be-8669-31678d8b0c0d,79.0,PS3,[3],
88,15,C64/C128/MAX,6.0,1297880639,,Commodore C64/128/MAX,,c64,1660212364,https://www.igdb.com/platforms/c64,"[36, 595]",c05f59b1-0fd4-14c3-f5a8-69263e827672,759.0,C64,,
89,18,NES,1.0,1297941636,3.0,Nintendo Entertainment System,5.0,nes,1660212114,https://www.igdb.com/platforms/nes,"[53, 643, 644]",92615c13-8031-a5f0-420f-d9f0a9c1d460,816.0,NES,,
90,20,NDS,5.0,1297941701,7.0,Nintendo DS,5.0,nds,1633117133,https://www.igdb.com/platforms/nds,"[52, 190, 191, 192]",5d25782f-bc2d-53a9-232b-e473a5e1efaf,245.0,NDS,,
91,22,GBC,5.0,1300187960,5.0,Game Boy Color,5.0,gbc,1628498928,https://www.igdb.com/platforms/gbc,[41],11aa6b04-436c-77e6-9be0-c332e5c9c755,273.0,GBC,,
92,32,"JVC Saturn, Hi-Saturn, Samsung Saturn, V-Saturn",1.0,1302004506,5.0,Sega Saturn,3.0,saturn,1540808190,https://www.igdb.com/platforms/saturn,[65],c12c4a74-e213-1e44-cabf-baca4738e18b,49.0,Saturn,[6],
93,37,3DS,5.0,1317648479,8.0,Nintendo 3DS,5.0,3ds,1474008215,https://www.igdb.com/platforms/3ds,"[50, 675, 676]",e372a0a5-abab-0182-db90-24b52ae794e7,834.0,3DS,[9],
94,38,PSP,5.0,1317648479,7.0,PlayStation Portable,1.0,psp,1552835665,https://www.igdb.com/platforms/psp,"[59, 276, 277, 278, 279]",d3c10ada-932f-4d53-2724-7526f3533a96,214.0,PSP,,
95,46,PS Vita,5.0,1321701445,8.0,PlayStation Vita,1.0,psvita,1552835771,https://www.igdb.com/platforms/psvita,"[60, 274, 275]",9a0e8a97-55f8-3f26-3549-36f6a68a7cfe,232.0,Vita,[34],
96,61,,5.0,1372270513,4.0,Atari Lynx,,lynx,1392138283,https://www.igdb.com/platforms/lynx,"[29, 189]",478034f8-629a-f5ba-4a98-fb32f549b825,290.0,Lynx,,
97,63,,6.0,1372338841,,Atari ST/STE,,atari-st,1468522016,https://www.igdb.com/platforms/atari-st,[30],45e6d8da-156d-ed95-86c4-7b073a13fb9d,367.0,Atari-ST,,
98,64,"SMS, Mark III",1.0,1372500217,3.0,Sega Master System/Mark III,3.0,sms,1660234294,https://www.igdb.com/platforms/sms,"[63, 629, 630, 631, 632, 633]",70ab8afb-7544-393f-3ccb-8a590b463595,,SMS,,
99,66,Atari 5200 SuperSystem,1.0,1372500401,2.0,Atari 5200,,atari5200,1416773875,https://www.igdb.com/platforms/atari5200,[25],58cc4f02-697f-2871-d26c-714b23c7f987,304.0,Atari5200,,the mother text
100,67,,1.0,1372500437,2.0,Intellivision,,intellivision,1392140582,https://www.igdb.com/platforms/intellivision,[42],4d82ece5-833d-c351-2db3-836fc4f875f3,312.0,intellivision,,
101,73,,4.0,1384461165,,BlackBerry OS,,blackberry,1392138289,https://www.igdb.com/platforms/blackberry,[34],321929b7-70c2-265e-a791-d7bf109ef236,40.0,blackberry,,
102,86,,1.0,1400825134,4.0,TurboGrafx-16/PC Engine,,turbografx16--1,1441156916,https://www.igdb.com/platforms/turbografx16--1,[99],31a64e94-9b23-c96e-c27d-980a02bbde69,296.0,turbografx16,,
103,137,n3DS,5.0,1504610734,8.0,New Nintendo 3DS,5.0,new-nintendo-3ds,1591575938,https://www.igdb.com/platforms/new-nintendo-3ds,"[195, 677]",34ade688-a21a-1f53-730d-8ffde1997235,235.0,,[17],
104,374,,6.0,1607297122,,Sharp MZ-2200,,sharp-mz-2200,1607330038,https://www.igdb.com/platforms/sharp-mz-2200,[492],318d54ca-5fd2-f9a2-51ac-b410927450b3,,,,
105,161,WMR,,1518704263,,Windows Mixed Reality,,windows-mixed-reality,1518704273,https://www.igdb.com/platforms/windows-mixed-reality,[231],948e7855-5310-2ee6-6d77-008dd5a33956,796.0,,[28],
106,375,,1.0,1612947243,2.0,Epoch Cassette Vision,,epoch-cassette-vision,1612947354,https://www.igdb.com/platforms/epoch-cassette-vision,[493],bca00aff-ce4d-f044-7685-d4e9df6a902e,,,[272],
107,388,Samsung Gear VR,1.0,1632259330,,Gear VR,,gear-vr,1632408543,https://www.igdb.com/platforms/gear-vr,[509],0ba81277-4a13-dedc-1153-f9bda42a4334,,,[286],
108,167,PS5,1.0,1543501750,9.0,PlayStation 5,1.0,ps5,1628884745,https://www.igdb.com/platforms/ps5,[273],5edd6678-7a67-1bb5-f491-64e494c67159,795.0,PS5,[281],
109,377,TV Game,3.0,1620778281,,Plug & Play,,plug-and-play,1620957426,https://www.igdb.com/platforms/plug-and-play,[496],d096ad26-9218-7b1f-89e0-d66f85491eb1,,,[277],
110,170,Stadia,3.0,1565274018,,Google Stadia,4.0,stadia,1704770239,https://www.igdb.com/platforms/stadia,[285],e70e036c-66cf-0aca-fb1e-5c536c8264a8,328.0,Stadia,"[37, 280]",
111,376,YENO Super Cassette Vision,1.0,1613049313,3.0,Epoch Super Cassette Vision,,epoch-super-cassette-vision,1613052469,https://www.igdb.com/platforms/epoch-super-cassette-vision,[494],c1a5ef98-ad78-9270-d223-f5c4a7c1afd0,,,[273],
112,382,,1.0,1623689576,,Intellivision Amico,,intellivision-amico,1623689581,https://www.igdb.com/platforms/intellivision-amico,[502],e74f0057-15cc-258b-1139-0f9b4a3f6903,,,[279],
113,387,Go,1.0,1632259181,,Oculus Go,,oculus-go,1632259185,https://www.igdb.com/platforms/oculus-go,[508],b5e8d27d-056f-bb8f-ca48-8250c1922e2e,,,[285],
114,385,Rift,1.0,1632256230,,Oculus Rift,,oculus-rift,1632408536,https://www.igdb.com/platforms/oculus-rift,[506],dc9ddab2-421c-e716-0ebc-71f90c4e2d15,,,[283],
115,384,Quest,1.0,1631819038,,Oculus Quest,,oculus-quest,1632966502,https://www.igdb.com/platforms/oculus-quest,[505],e7bb1adc-a999-e6f2-46da-a7f4d8a2b769,619.0,,"[282, 288]",
116,379,Tiger Game.com,5.0,1621003540,5.0,Game.com,,game-dot-com,1660239125,https://www.igdb.com/platforms/game-dot-com,[498],1b39df8e-66aa-c4d3-0662-7b333bb4ccc0,596.0,,[309],
117,5,Revolution,1.0,1297639288,7.0,Wii,5.0,wii,1615884750,https://www.igdb.com/platforms/wii,"[72, 283]",e1933c04-f659-42f5-4e7c-733a00be112f,326.0,Wii,[275],
118,21,GCN,1.0,1298032543,6.0,Nintendo GameCube,5.0,ngc,1644575483,https://www.igdb.com/platforms/ngc,"[54, 121, 125]",22654024-7633-ef8d-e792-a2890436c234,262.0,NGC,[292],
119,33,GB,5.0,1302342089,4.0,Game Boy,5.0,gb,1633117153,https://www.igdb.com/platforms/gb,"[39, 181, 182]",a2641b74-aaee-cf2e-d124-21a05b79a7e8,274.0,Game Boy,,
120,42,NGage,5.0,1317748649,6.0,N-Gage,,ngage,1660139366,https://www.igdb.com/platforms/ngage,"[49, 118]",3e662bd1-f5c3-5e7c-856b-10d260c35241,258.0,NGage,,
121,52,,2.0,1340047141,,Arcade,,arcade,1693241338,https://www.igdb.com/platforms/arcade,"[22, 634, 635, 636, 637, 638, 640, 641, 649, 650, 651, 652, 664, 665, 666, 667, 668, 669, 681]",8fde11c7-a293-cb42-8b7d-93861c5f1316,827.0,Arcade,,
122,55,Legacy Cellphone,5.0,1340748377,,Legacy Mobile Device,,mobile,1646778004,https://www.igdb.com/platforms/mobile,"[46, 514, 539]",f1694d17-7929-4cc5-ce1a-7e31012809da,841.0,Mobile,[293],
123,57,WS,5.0,1342290746,5.0,WonderSwan,,wonderswan,1633117139,https://www.igdb.com/platforms/wonderswan,"[76, 84, 117]",f74ee656-5016-e355-48d4-56f59bab1ff6,263.0,WonderSwan,,
124,58,SFC,1.0,1351254496,4.0,Super Famicom,5.0,sfam,1399766653,https://www.igdb.com/platforms/sfam,"[67, 98, 639]",f663dbd9-5ac4-eb95-635a-6d29e21e2668,74.0,SFAM,,
125,69,BBC Micro,6.0,1372500577,,BBC Microcomputer System,,bbcmicro,1633117072,https://www.igdb.com/platforms/bbcmicro,[33],052331c9-b42e-41e9-821f-cad075fcca24,294.0,bbcmicro,,
126,71,,6.0,1372500665,,Commodore VIC-20,,vic-20,1429215912,https://www.igdb.com/platforms/vic-20,[37],bfea8139-269c-685c-eddd-4c6f44ceb733,313.0,vic-20,,
127,74,WP,4.0,1384461218,,Windows Phone,,winphone,1572780409,https://www.igdb.com/platforms/winphone,"[224, 225, 226, 227]",4e3d2d25-d95e-9005-5d35-60840470a223,363.0,Win Phone,,
128,79,Neo Geo Multi Video System,2.0,1392122385,,Neo Geo MVS,,neogeomvs,1526001314,https://www.igdb.com/platforms/neogeomvs,[81],2952e52b-354f-c69a-b26c-fdf75931454f,70.0,neogeomvs,,
129,80,AES,1.0,1392122702,4.0,Neo Geo AES,,neogeoaes,1399764951,https://www.igdb.com/platforms/neogeoaes,[82],a6a30340-bbfd-f757-e7f5-982f1434e386,69.0,neogeoaes,,
130,84,Sega Game 1000,1.0,1397508064,3.0,SG-1000,3.0,sg1000,1397885969,https://www.igdb.com/platforms/sg1000,"[91, 92]",d497edbe-15f4-9b5a-16f3-78d338d2f2b0,815.0,sg1000,,
131,91,Bally Arcade,1.0,1411658604,2.0,Bally Astrocade,,astrocade,1632441820,https://www.igdb.com/platforms/astrocade,[105],f2f0a7f7-82a4-8067-68b5-068851214cfd,,astrocade,,
132,93,C16,6.0,1414253528,,Commodore 16,,c16,1633117068,https://www.igdb.com/platforms/c16,[107],27ed3d3d-38ea-f58e-0d66-9e4d797a7560,544.0,C16,[213],
133,96,,6.0,1418566103,,PDP-10,,pdp10,1418566278,https://www.igdb.com/platforms/pdp10,[116],53a3657d-6cd7-3516-e62c-e5359b915ca1,,pdp10,,
134,103,,,1437900057,,PDP-7,,pdp-7--1,1437903108,https://www.igdb.com/platforms/pdp-7--1,[129],00454dfa-e821-dac3-3ad7-260e54f3cf6b,,pdp-7,,
135,104,,6.0,1437986402,,HP 2100,,hp2100,1437986794,https://www.igdb.com/platforms/hp2100,[130],188553b2-70a6-029a-f1ea-b235fc4108ff,,hp2100,,
136,106,,6.0,1437986563,,SDS Sigma 7,,sdssigma7,1437986798,https://www.igdb.com/platforms/sdssigma7,[132],af4836ba-b8d2-1579-d0e3-f2f1fb8c41e2,,sdssigma7,,
137,107,,6.0,1437986752,,Call-A-Computer time-shared mainframe computer system,,call-a-computer,1437987794,https://www.igdb.com/platforms/call-a-computer,[133],9720b8ca-e895-b192-e761-f41f26c3b1a5,,call-a-computer,,
138,236,,6.0,1573776000,,Exidy Sorcerer,,exidy-sorcerer,1591228800,https://www.igdb.com/platforms/exidy-sorcerer,[353],49bd449a-ff99-0083-8954-5812a35c1c5c,,,[215],
139,238,Digital Versatile Disc Player,1.0,1575331200,,DVD Player,,dvd-player,1575504000,https://www.igdb.com/platforms/dvd-player,[355],5a8e8d2e-b79e-37a9-7368-e3acbd6407f7,426.0,,[104],
140,105,,6.0,1437955200,,HP 3000,,hp3000,1437955200,https://www.igdb.com/platforms/hp3000,[131],d4ac96e8-e4ba-b0dc-22ac-22b73d19ba83,369.0,hp3000,,
141,240,,1.0,1581811200,7.0,Zeebo,,zeebo,1582156800,https://www.igdb.com/platforms/zeebo,[357],d23d6c26-1eb4-4ff6-2e33-93bd082ec6d9,429.0,,[106],
142,239,,1.0,1575331200,,Blu-ray Player,,blu-ray-player,1575504000,https://www.igdb.com/platforms/blu-ray-player,[356],57f6c9cb-871e-d913-c5e9-9204991a94e7,427.0,,[103],
143,110,Programmed Logic for Automatic Teaching Operations,6.0,1438518803,,PLATO,,plato--1,1468522015,https://www.igdb.com/platforms/plato--1,[136],a824daf8-18fa-5738-61b3-4c227c9fecf0,375.0,plato,,
144,274,,1.0,1587686400,5.0,PC-FX,,pc-fx,1591142400,https://www.igdb.com/platforms/pc-fx,[392],a880243d-9f81-4fcf-fdf7-da0fe028be95,548.0,,[139],
145,151,Tandy Color Computer,6.0,1510050807,,TRS-80 Color Computer,,trs-80-color-computer,1591253217,https://www.igdb.com/platforms/trs-80-color-computer,[216],fe8aed91-bbeb-89ce-cef6-b8052afda22f,541.0,,[19],
146,309,,5.0,1590710400,8.0,Evercade,,evercade,1591142400,https://www.igdb.com/platforms/evercade,[426],12fbb7c4-acc5-fa90-2a02-6de3810375a7,528.0,,[207],
147,372,,3.0,1606521600,,OOParts,,ooparts,1606521600,https://www.igdb.com/platforms/ooparts,[490],f9404506-a3f2-b59b-238c-4707efe0d428,,,[271],
148,373,ZX81,6.0,1607024002,,Sinclair ZX81,,sinclair-zx81,1607031405,https://www.igdb.com/platforms/sinclair-zx81,[491],d0da431e-930b-56d8-74fa-c4c6a2e10e07,,,,
149,380,Loopy,1.0,1621275846,,Casio Loopy,,casio-loopy,1621275862,https://www.igdb.com/platforms/casio-loopy,[499],59ef0bf4-264a-25d9-ce53-7f1647ee548c,,,,
150,164,,,1518705027,,Daydream,,daydream,1518705035,https://www.igdb.com/platforms/daydream,[234],b5348d8a-773a-3c03-4c4e-b2be2dc71e46,160.0,,[31],
151,26,,6.0,1300206512,,ZX Spectrum,,zxs,1468574265,https://www.igdb.com/platforms/zxs,[79],0fb3a1cb-1cd6-e94d-6cca-804dbe4c38f4,371.0,ZXS,,
152,27,,6.0,1300206614,,MSX,,msx,1468574263,https://www.igdb.com/platforms/msx,[47],95ad0c40-d56d-5662-ae45-f3612561b493,307.0,MSX,,
153,95,Programmed Data Processor-1,6.0,1418566071,,PDP-1,,pdp1,1591252959,https://www.igdb.com/platforms/pdp1,[115],10f6a7a9-c27e-833b-cc2e-1e73a6a72d60,,pdp1,[212],
154,100,,,1437899927,,Analogue electronics,,analogueelectronics,1437903102,https://www.igdb.com/platforms/analogueelectronics,[126],e3e2fc76-e0c4-6550-080d-21bb62378c69,,analogueelectronics,,
155,102,Electronic Delay Storage Automatic Calculator,6.0,1437900025,,EDSAC,,edsac--1,1437903104,https://www.igdb.com/platforms/edsac--1,[128],c8d5b28c-401a-ad80-8b57-bde1ad77f5b0,389.0,edsac,,
156,166,,5.0,1534977849,,Pokémon mini,5.0,pokemon-mini,1535053013,https://www.igdb.com/platforms/pokemon-mini,[272],144a962d-e882-8c3f-a65a-d57b9cd8ca73,267.0,,[33],
157,169,XSX,1.0,1565273347,9.0,Xbox Series X|S,2.0,series-x,1633117145,https://www.igdb.com/platforms/series-x,"[284, 489]",839c213a-800a-f2c5-2bc9-cb2dd0501a35,561.0,Series X,"[36, 105, 238]",
158,203,,,1572735485,,DUPLICATE Stadia,,duplicate-stadia,1619110218,https://www.igdb.com/platforms/duplicate-stadia,"[318, 319]",1dba8d1b-6d1c-434c-cd3b-6e5fad90bcf3,,,[70],
159,165,PSVR,1.0,1518705184,8.0,PlayStation VR,1.0,psvr,1706609702,https://www.igdb.com/platforms/psvr,[235],f932994b-aeb6-caac-fcff-c307f1a7fbfe,840.0,PSVR,[32],
160,389,,3.0,1636659678,,AirConsole,,airconsole,1636659682,https://www.igdb.com/platforms/airconsole,[511],0f4d997d-7d89-dbd3-4254-cdef7ce5a3a2,,,[291],
161,386,Quest 2,1.0,1632258796,,Meta Quest 2,,meta-quest-2,1675765358,https://www.igdb.com/platforms/meta-quest-2,"[507, 593]",3f2e126f-456d-71d8-ac05-ec1a0676aafd,,Meta Quest 2,"[284, 341]",
162,390,PSVR2,1.0,1641416080,9.0,PlayStation VR2,1.0,psvr2,1677524402,https://www.igdb.com/platforms/psvr2,[512],ef134f0b-0b45-bc3e-0ab5-15b4a26d46ba,738.0,PSVR2,[342],
163,405,Pocket PC,4.0,1652748836,,Windows Mobile,,windows-mobile,1652748843,https://www.igdb.com/platforms/windows-mobile,"[523, 535, 536, 537, 538]",f0b17713-af5e-fee5-2ce3-ee5056c47842,741.0,,[304],
164,406,Sinclair Quantum Leap,6.0,1654164019,,Sinclair QL,,sinclair-ql,1660235982,https://www.igdb.com/platforms/sinclair-ql,[524],6c201e5d-bb72-317d-7f0c-b4c6031741dc,665.0,,[308],
165,407,,1.0,1660147544,7.0,HyperScan,,hyperscan,1660326205,https://www.igdb.com/platforms/hyperscan,[547],550c5a51-da94-b5c1-a610-31be12e5de89,686.0,,[306],
166,408,WG-108,5.0,1660155539,4.0,Mega Duck/Cougar Boy,,mega-duck-slash-cougar-boy,1660326569,https://www.igdb.com/platforms/mega-duck-slash-cougar-boy,[548],f2a22cac-109c-5a36-8c4c-06adba8d6030,687.0,,[307],
167,409,,6.0,1660235221,,Legacy Computer,,legacy-computer,1660235301,https://www.igdb.com/platforms/legacy-computer,[549],8cc71aad-e0bd-5956-6a09-08c7f23998e2,,,,
168,410,Jag CD,1.0,1660245561,5.0,Atari Jaguar CD,,atari-jaguar-cd,1660326828,https://www.igdb.com/platforms/atari-jaguar-cd,[550],bc45c6c0-dd63-f442-1857-a16a38a147d0,688.0,,[310],
169,411,Handheld LCD Game,5.0,1660246143,,Handheld Electronic LCD,,handheld-electronic-lcd,1660246151,https://www.igdb.com/platforms/handheld-electronic-lcd,[551],899f03b9-1641-ff49-695d-1e35b75397eb,,,,
170,412,Leapster Learning Game System,5.0,1660246910,6.0,Leapster,,leapster,1660327194,https://www.igdb.com/platforms/leapster,[552],46396219-2ff8-77b7-1651-5fa1de4fcc5d,689.0,,[311],
171,413,,5.0,1660313623,7.0,Leapster Explorer/LeadPad Explorer,,leapster-explorer-slash-leadpad-explorer,1660313634,https://www.igdb.com/platforms/leapster-explorer-slash-leadpad-explorer,[553],9cbfe62e-ecbe-4360-700d-c073b08d36ff,838.0,,[312],
172,414,LeapTV VCD,1.0,1660314942,8.0,LeapTV,,leaptv,1660326997,https://www.igdb.com/platforms/leaptv,[554],b1227991-d7dd-38e8-97b7-e3d539e22fc4,690.0,,[313],
173,415,,5.0,1660319701,4.0,Watara/QuickShot Supervision,,watara-slash-quickshot-supervision,1660326748,https://www.igdb.com/platforms/watara-slash-quickshot-supervision,[555],34b08bfb-53a0-2af2-76e0-fad50acd0847,691.0,,[314],
174,416,64DD,1.0,1660320790,5.0,Nintendo 64DD,5.0,nintendo-64dd,1660320798,https://www.igdb.com/platforms/nintendo-64dd,[556],bb6e7c82-b34f-a857-f07f-6ad1a4cffdc3,692.0,,[315],
175,417,Garnet OS,4.0,1660322541,,Palm OS,,palm-os,1660326463,https://www.igdb.com/platforms/palm-os,[557],ca94dd5c-a05e-477d-9471-3fdf4e1f074e,693.0,,[316],
176,438,,5.0,1663685343,8.0,Arduboy,,arduboy,1663685354,https://www.igdb.com/platforms/arduboy,[588],364d5aab-df1b-64f1-d03f-7d99d3f95dfe,726.0,,[337],
177,439,V.SMILE TV LEARNING SYSTEM,1.0,1663688323,6.0,V.Smile,,vsmile,1663688329,https://www.igdb.com/platforms/vsmile,[589],d3659212-5a87-e829-9d86-5a89a716df02,727.0,,[338],
178,441,,5.0,1666808653,5.0,PocketStation,1.0,pocketstation,1666808660,https://www.igdb.com/platforms/pocketstation,[591],b3d82342-4560-870e-b658-9119056cc6f3,732.0,,[340],
179,471,,1.0,1685641825,9.0,Meta Quest 3,,meta-quest-3,1685641862,https://www.igdb.com/platforms/meta-quest-3,[621],4e89efa3-f3dd-ecfd-537f-495dabf85c77,839.0,,[370],
180,7,"PSX, PSOne, PS",1.0,1297639288,5.0,PlayStation,1.0,ps,1633117147,https://www.igdb.com/platforms/ps,"[57, 653, 654]",a42b24c2-9b52-1ea6-4f28-c93096014459,803.0,PS1,,
181,16,Commodore Amiga,6.0,1297880654,,Amiga,,amiga,1696214981,https://www.igdb.com/platforms/amiga,"[19, 109, 110, 111, 112, 113, 522]",e538945d-9a4a-35c6-7460-668ee3b6fe6f,,Amiga,,
182,29,Sega Genesis,1.0,1300959838,4.0,Sega Mega Drive/Genesis,3.0,genesis-slash-megadrive,1670168290,https://www.igdb.com/platforms/genesis-slash-megadrive,"[64, 622, 623, 624, 625, 626, 627, 628]",b8f0048c-fc57-91ce-4eaa-a9987e474c56,,Genesis/MegaDrive,,
183,47,VC,3.0,1326279244,,Virtual Console,5.0,vc,1697762792,https://www.igdb.com/platforms/vc,[71],7d4ff53e-506a-26dc-901a-f1229d5e4835,384.0,VC,,
184,49,XONE,1.0,1326545022,8.0,Xbox One,2.0,xboxone,1633117143,https://www.igdb.com/platforms/xboxone,"[78, 180, 185, 188]",fa077139-6df3-2516-cf1c-a8f0ba7fb4a7,329.0,XONE,[12],"Welcome to a new generation of games and entertainment. Where games push the boundaries of realism. And television obeys your every command. Where listening to music while playing a game is a snap. And you can jump from TV to movies to music to a game in an instant. Where your experience is custom tailored to you. And the entertainment you love is all in one place. Welcome to the all-in-one, Xbox One"
185,99,Famicom,1.0,1428863630,3.0,Family Computer,5.0,famicom,1633117151,https://www.igdb.com/platforms/famicom,"[123, 642, 645, 646, 647, 648]",dfe2e105-ec20-4d39-748d-87c0acc784ed,843.0,famicom,,
186,440,VMU / VMS,5.0,1666800981,6.0,Visual Memory Unit / Visual Memory System,3.0,visual-memory-unit-slash-visual-memory-system,1666802311,https://www.igdb.com/platforms/visual-memory-unit-slash-visual-memory-system,[590],3b0fcc00-16d8-cbdb-bc9b-00553baf3f99,728.0,,[339],
187,473,,1.0,1707940238,,Arcadia 2001,,arcadia-2001,1707940246,https://www.igdb.com/platforms/arcadia-2001,[683],e00591a7-9e03-715a-2ed0-f179ec027438,848.0,,[374],
188,474,Gametraq,5.0,1708640880,7.0,Gizmondo,,gizmondo,1708952482,https://www.igdb.com/platforms/gizmondo,[689],9094261b-7e30-4466-f722-7b11d0b6c572,849.0,,[375],
189,472,,4.0,1707507250,,visionOS,,visionos,1708952597,https://www.igdb.com/platforms/visionos,[682],21b1fefd-6407-6f88-2075-f44e84c9561c,847.0,,[373],
190,475,,5.0,1709324053,5.0,R-Zone,,r-zone,1709324233,https://www.igdb.com/platforms/r-zone,[690],8dd562d0-b262-527b-512e-0b33430e48df,,,[376],
191,476,PiPP!N,1.0,1709675374,5.0,Apple Pippin,,apple-pippin,1709675382,https://www.igdb.com/platforms/apple-pippin,[693],947c5314-485d-4d0a-d72a-0ae7c48661f9,,,[377],
192,3,GNU/Linux,4.0,1297639288,,Linux,4.0,linux,1392982362,https://www.igdb.com/platforms/linux,[44],4fdcdc95-88a3-8906-dbc8-d32e39a3df3a,380.0,Linux,[1],"Linux is a free and open-source (FOSS/FLOSS) Operating System. In a more precise and complex definition, Linux is an open-source OS kernel on which a large variety of Operating Systems (known as Linux distributions) are built."
193,4,N64,1.0,1297639288,5.0,Nintendo 64,5.0,n64,1708976398,https://www.igdb.com/platforms/n64,"[51, 122]",410970b6-e28f-5cc4-a67b-411b20d63765,260.0,N64,[35],
194,12,X360,1.0,1297639288,7.0,Xbox 360,2.0,xbox360,1633117136,https://www.igdb.com/platforms/xbox360,"[2, 3, 83, 495]",e02d5e26-bb34-a8de-2694-48acfb1805c1,622.0,X360,[4],"Xbox 360 brings you a total games and entertainment experience. The largest library of games, including titles that get you right into the thick of it with Kinect. Plus, your whole family can watch HD movies, TV shows, live events, music, sports and more—across all your devices. Xbox 360 is the center of your games and entertainment universe."
195,14,Mac OS,4.0,1297678396,,Mac,,mac,1394314490,https://www.igdb.com/platforms/mac,"[45, 141, 142, 143, 144, 145, 146, 147, 148, 149, 150, 151, 598, 599, 600]",5d6e356f-9f06-0bfb-42d2-6eb89066135e,761.0,Mac,[5],
196,19,"SNES, Super Nintendo",1.0,1297941647,4.0,Super Nintendo Entertainment System,5.0,snes,1660212083,https://www.igdb.com/platforms/snes,"[68, 95, 97, 139, 177]",73ee92e3-7ac5-e5fb-05fe-ffbcca57513f,106.0,SNES,[209],
197,34,Infocusa3,4.0,1302608861,,Android,4.0,android,1700445502,https://www.igdb.com/platforms/android,"[7, 8, 9, 10, 11, 12, 236, 237, 238, 239, 320, 526, 527, 528, 541, 542, 543, 544, 545, 546, 672]",82aba045-5c37-c12b-4a8f-0a74da66f37b,831.0,Android,[7],
198,48,PS4,1.0,1326544944,8.0,PlayStation 4,1.0,ps4--1,1433175597,https://www.igdb.com/platforms/ps4--1,"[17, 178, 179]",3e517e16-442d-e91b-e416-4fcb2733c9b2,231.0,PS4,[11],"The PlayStation 4 system opens the door to an incredible journey through immersive new gaming worlds and a deeply connected gaming community. PS4 puts gamers first with an astounding launch line-up and over 180 games in development. Play amazing top-tier blockbusters and innovative indie hits on PS4. Developer inspired, gamer focused."
199,51,"Famicom Disk System, FDS",1.0,1339250964,3.0,Family Computer Disk System,5.0,fds,1633117070,https://www.igdb.com/platforms/fds,[38],5a8b554d-4a90-e19f-dd51-bdfda4a08394,299.0,fds,,
200,59,Atari VCS,1.0,1372270420,2.0,Atari 2600,,atari2600,1701909348,https://www.igdb.com/platforms/atari2600,"[24, 673]",7c99d105-e9df-33ca-ef9b-de2be08b5897,832.0,Atari2600,[372],
201,68,Coleco,1.0,1372500478,2.0,ColecoVision,,colecovision,1706490837,https://www.igdb.com/platforms/colecovision,[35],04a1686d-c716-2aa4-31dd-5a268381fdb4,311.0,colecovision,,
202,72,,1.0,1373409212,8.0,Ouya,,ouya,1438983127,https://www.igdb.com/platforms/ouya,[55],647e607f-7e80-592c-3f5d-be0e8b6fb0ff,236.0,Ouya,[13],"The Ouya (/ˈuːjə/ oo-yə), stylized OUYA, is a microconsole running its own version of the Android operating system, developed by Ouya Inc. Julie Uhrman founded the project in 2012. She brought in designer Yves Béhar to collaborate on the design of the project, and Muffi Ghadiali as product manager to put together the engineering team. Development was funded via Kickstarter, raising $8.5 million and becoming the website's second-highest-earning project in its history.

Units started to ship to Kickstarter backers on March 28, 2013. The console was released to the general public on June 25, 2013, and features an exclusive Ouya store for applications and games designed specifically for the Ouya platform, of which the majority are casual games targeted at or used by a mass audience of casual gamers. Out of the box, Ouya supports media apps such as TwitchTV and XBMC media player. It runs a modified version of Android 4.1 Jelly Bean, and is open to rooting without voiding the warranty (developer models ordered during the Kickstarter campaign for $699 or $1,337 come pre-rooted). The console's hardware design allows it to be easily opened up, requiring only a standard screwdriver for easy modding and possible hardware addons.

All systems can be used as development kits, allowing any Ouya owner to also be a developer, without the need for licensing fees. All games are required to have some kind of free-to-play aspect, whether that be completely free, has a free trial, or has purchasable upgrades, levels, or other in-game items. The Ouya is classified as part of the eighth generation of video game consoles and as such is a rival competing against the PlayStation 4, Xbox One, and Wii U."
203,75,apple ][,6.0,1387761685,,Apple II,,appleii,1468522015,https://www.igdb.com/platforms/appleii,[21],c2c51262-2760-44f9-9fef-4a68f55ccd2c,315.0,Apple][,,"The Apple II is an 8-bit home computer, one of the first highly successful mass-produced microcomputer products, designed primarily by Steve Wozniak, manufactured by Apple Computer (now Apple Inc.) and introduced in 1977. It is the first model in a series of computers which were produced until Apple IIe production ceased in November 1993."
204,82,Internet,3.0,1395352375,,Web browser,,browser,1553339952,https://www.igdb.com/platforms/browser,"[86, 655, 656, 657, 658, 659, 660, 661, 662, 663]",629fabf7-804e-6fd9-82d7-9780e2033ed4,825.0,browser,,
